﻿<?xml version="1.0" encoding="UTF-8" standalone="yes"?>
<addon id="plugin.video.fireball" name="Fireball" version="2021.02.15" provider-name="Fireball">
    <requires>
        <import addon="xbmc.python" version="2.19.0" />
        <import addon="script.module.universalscrapers" version="1.0.0" />
        <import addon="script.module.python.koding.aio.alt"  />
        <import addon="script.module.beautifulsoup" version="3.2.1" />
        <import addon="script.module.requests" version="2.9.1" />
        <import addon="script.module.addon.common" version="2.0.0" />
        <import addon="script.module.xmltodict" version="0.9.0" />
        <import addon="script.module.dateutil" />
		<import addon="script.module.feedparser" version="5.1.3"/>
        <import addon="script.module.resolveurl" />
    </requires>
    <extension point="xbmc.python.pluginsource" library="default.py">
        <provides>video</provides>
    </extension>
    <extension point="xbmc.jen" library="service.py" start="[login|startup]" />
    <extension point="xbmc.addon.metadata">
        <summary lang="en">Hardcore Man on Man Videos</summary>
        <description lang="en">Bring The KY or GTFO</description>
        <disclaimer lang="en">The author is not responsible for any or more of the following conditions:  Premature Ejaculation, Erectile Dysfunction, Colored Discharge, Pimples and/or Rashes, etc.</disclaimer>
        <platform>all</platform>
        <video_guide>https://youtu.be/jJ5u8JWHhMM</video_guide>
        <reuselanguageinvoker>false</reuselanguageinvoker>
    </extension>
</addon>
