<item>
    <title>[B][COLOR magenta]T[COLOR cyan]he Lords of Salem[/COLOR][/B]</title>
    <meta>
        <imdb>tt1731697</imdb>
        <content>movie</content>
        <title>The Lords of Salem</title>
        <year>2002</year>
    </meta>
    <link>
        <sublink>search</sublink>
        <sublink>searchsd</sublink>
    </link>
    <thumbnail>https://i.imgur.com/gmtULS4.jpg</thumbnail>
    <fanart>https://i.imgur.com/iQuBQhG.jpg</fanart>
</item>

<item>
    <title>[B][COLOR magenta]H[COLOR cyan]alloween II[/COLOR][/B]</title>
    <meta>
        <imdb>tt1311067</imdb>
        <content>movie</content>
        <title>Halloween II</title>
        <year>2009</year>
    </meta>
    <link>
        <sublink>search</sublink>
        <sublink>searchsd</sublink>
    </link>
    <thumbnail>https://i.imgur.com/gmtULS4.jpg</thumbnail>
    <fanart>https://i.imgur.com/ncSWBNo.jpg</fanart>
</item>

<item>
    <title>[B][COLOR magenta]H[COLOR cyan]alloween[/COLOR][/B]</title>
    <meta>
        <imdb>tt0373883</imdb>
        <content>movie</content>
        <title>Halloween</title>
        <year>2007</year>
    </meta>
    <link>
        <sublink>search</sublink>
        <sublink>searchsd</sublink>
    </link>
    <thumbnail>https://i.imgur.com/DkpiBjb.jpg</thumbnail>
    <fanart>https://i.imgur.com/fECdhtH.jpg</fanart>
</item>

<item>
    <title>[B][COLOR magenta]T[COLOR cyan]he Devil's Rejects[/COLOR][/B]</title>
    <meta>
        <imdb>tt0395584</imdb>
        <content>movie</content>
        <title>The Devil's Rejects</title>
        <year>2005</year>
    </meta>
    <link>
        <sublink>search</sublink>
        <sublink>searchsd</sublink>
    </link>
    <thumbnail>https://i.imgur.com/Wz7p4l4.jpg</thumbnail>
    <fanart>https://i.imgur.com/Z1ciW7s.jpg</fanart>
</item>

<item>
    <title>[B][COLOR magenta]H[COLOR cyan]ouse of 1000 Corpses[/COLOR][/B]</title>
    <meta>
        <imdb>tt0251736</imdb>
        <content>movie</content>
        <title>House of 1000 Corpses</title>
        <year>2003</year>
    </meta>
    <link>
        <sublink>search</sublink>
        <sublink>searchsd</sublink>
    </link>
    <thumbnail>https://i.imgur.com/nsNDw3b.jpg</thumbnail>
    <fanart>https://i.imgur.com/Cb2nXsf.png</fanart>
</item>

<item>
    <title>[B][COLOR magenta]3[COLOR cyan]1[/COLOR][/B]</title>
    <meta>
        <imdb>tt3835080</imdb>
        <content>movie</content>
        <title>31</title>
        <year>2006</year>
    </meta>
    <link>
        <sublink>search</sublink>
        <sublink>searchsd</sublink>
    </link>
    <thumbnail>https://i.imgur.com/LmaRpIP.jpg</thumbnail>
    <fanart>https://i.imgur.com/5eKciYg.jpg</fanart>
</item>
