<?xml version="1.0" encoding="UTF-8" standalone="yes"?>
<addon id="repository.guana" name="Fireball Repo" version="1.0" provider-name="bumbum">
	<extension point="xbmc.addon.repository" name="bumbum">
		<info compressed="false">https://github.com/DBoxStreams/repo.fireball/raw/master/addons.xml</info>
		<checksum>https://github.com/DBoxStreams/repo.fireball/raw/master/addons.xml.md5</checksum>
		<datadir zip="true">https://github.com/DBoxStreams/repo.fireball/raw/master/zips</datadir>
	</extension>
	<extension point="xbmc.addon.metadata">
		<summary>Whatever the fuck I want</summary>
		<description>Yet again, whatever the fuck I want</description>
		<platform>all</platform>
	</extension>
</addon>

