<?xml version="1.0" encoding="UTF-8" standalone="yes"?>
<addon id="plugin.video.fireball" name="Fireball" version="2018.05.24" provider-name="bumbum">
  <requires>
    <import addon="xbmc.python" version="2.1.0"/>
    <import addon="script.module.simplejson" version="3.3.0"/>
    <import addon="script.module.urlresolver"  version="3.0.32"/>
    <import addon="script.module.liveresolver" version="0.1.24"/>
    <import addon="script.common.plugin.cache" version="2.5.2"/>

    <import addon="script.module.metahandler" version="2.5.1"/>
    <import addon="plugin.video.youtube" optional="true" />
  </requires>
  <extension point="xbmc.python.pluginsource" library="default.py">
        <provides>video</provides>
  </extension>
  <extension point="xbmc.addon.metadata">
    <summary lang="en">Fireball</summary>
    <description lang="en">Whatever the fuck I want</description>
    <platform>all</platform>
  </extension>
</addon>
